{
    "users": [
      {
        "firstName": "Indiana",
        "lastName": "Jones",
        "title": "Dr",
        "country": "UK",
        "id": 1
      },
      {
        "firstName": "Maggie",
        "lastName": "May",
        "title": "Mrs",
        "country": "Scotland",
        "id": 2
      },
      {
        "firstName": "Elsa",
        "lastName": "Agnarrsdatter",
        "title": "HRH",
        "country": "Denmark",
        "id": 3
      },
      {
        "firstName": "Anna",
        "lastName": "Oldenburg",
        "title": "Mrs",
        "country": "Nederlands",
        "id": 4
      }
    ]
  }