{
  "recipes": [
    {
      "id": 1,
      "title": "Beans on Toast",
      "ingredients": "-1 Can (about 400g) of baked beans;\n-4 Slices of your preferred bread;\n-Butter;\n-Salt & Pepper;\n-Optional toppings: grated cheese, chopped parsley, a dash of hot sauce",
      "instructions": "-Toast the Bread;\n-Heat the Beans;\n-Season the Beans;\n-Butter the Toast (Optional);\n-Serve by pouring the hot beans over the toast;\n-Add optional Toppings",
      "dateAdded": "2019-05-04",
      "tested": false
    },
    {
      "id": 2,
      "title": "Poached Egg on Toast",
      "ingredients": "-2 Fresh eggs;\n-2 Slices of bread;\n-Butter;\n-Salt & Pepper;\n-Optional toppings: chopped chives, a sprinkle of paprika, or a drizzle of hollandaise sauce",
      "instructions": "-Prepare a Poaching Pot by half filling with water and bringing to the boil;\n-Crack Eggs into Ramekins;\n-Create a Gentle Whirlpool (Optional);\n-Poach the Eggs by sliding them into the boiling water andcook for 4 and a half minutes;\n-Toast the bread;\n-Butter the toast;\n-Assemble by placing the eggs on toast;\n-Season with the salt and pepper;\n-Add optional Toppings",
      "dateAdded": "2019-06-15",
      "tested": true
    },
    {
      "id": 3,
      "title": "Breakfast Cereal",
      "ingredients": "-Your favorite cereal (such as cornflakes, bran flakes, oats, etc.);\n-Milk (dairy or plant-based alternative);\n-Fresh fruits (berries, banana slices, apple chunks, etc.);\n-Nuts or seeds (optional for added crunch and nutrition);\n-Honey or maple syrup (optional for sweetness)",
      "instructions": "-Choose Your Cereal: Select your favorite cereal. You can go for classic options like cornflakes, bran flakes, or try something like granola or muesli for added texture and flavor;\n-Pour the Cereal: Measure the desired amount of cereal and pour it into a bowl;\n-Add Milk: Pour milk over the cereal until it reaches your preferred level. You can use regular dairy milk, soy milk, almond milk, or any other milk alternative based on your preference;\n-Add Fresh Fruits: Enhance the nutritional value and flavor by adding fresh fruits. Berries, banana slices, apple chunks, or any seasonal fruit work well. This also adds natural sweetness and extra vitamins;\n-Sprinkle Nuts or Seeds (Optional): If you enjoy some crunch and added nutritional value, sprinkle a handful of nuts or seeds on top of your cereal. Almonds, walnuts, chia seeds, or flaxseeds are good choices;\n- Drizzle with Honey or Maple Syrup (Optional): If you prefer a sweeter cereal, you can drizzle a bit of honey or maple syrup over the top. Adjust the sweetness according to your taste;\n-Let it Sit or Eat Immediately:You can let the cereal sit for a minute or two to allow the flavors to meld, or you can dig in immediately for a crispier texture",
      "dateAdded": "2022-10-27",
      "tested": false
    },
    {
      "id": 4,
      "title": "Pot Noodle",
      "ingredients": "-1 store-bought instant noodle cup (like Pot Noodle);\n-Boiling water",
      "instructions": "-Prepare the Noodle Cup: Remove the lid from the instant noodle cup and open any sauce or seasoning packets that come with it. Place the noodles in the cup;\n-Add Boiling Water: Fill the cup with boiling water up to the indicated fill line. Use a kettle or microwave to heat the water;\n-Let it Sit: Place the lid back on the cup and let the noodles sit for about 2-3 minutes. This allows the noodles to cook and absorb the flavors;\n-Stir and Mix: After the noodles have soaked, stir the contents well, ensuring that the noodles are fully submerged in the hot water. This helps distribute the flavorings evenly;\n-Wait for a Few More Minutes: Allow the noodles to sit for an additional 2-3 minutes. This gives the noodles more time to absorb the flavors and become fully cooked;\n-Optional: Customize the Flavor: If the instant noodle cup comes with additional seasoning or sauce packets, add them according to your taste preferences. Mix well;\n-Serve: Your shop-bought pot noodle is now ready to be enjoyed. Eat it directly from the cup or transfer it to a bowl",
      "dateAdded": "2023-12-25",
      "tested": false
    },
    {
      "id": 5,
      "title": "Toast",
      "ingredients": "-Slices of bread (white, whole grain, or your preference);\n-Butter or margarine (optional)",
      "instructions": "-Select Your Bread: Choose the type of bread you prefer. White bread, whole grain bread, or artisan bread all work well for toasting;\n-Slice the Bread: If the bread is not pre-sliced, use a sharp knife to cut slices of your desired thickness;\n-Toast the Bread: There are several ways to toast bread: a. Toaster: Place the slices of bread in the toaster slots and set it to your desired level of toasting. Start with a lower setting and adjust based on your preference. b. Toaster Oven: If you don't have a toaster, you can use a toaster oven. Place the bread directly on the oven rack or on a baking sheet and toast until golden brown. c. Oven: Preheat your oven to around 350°F (175°C). Place the bread directly on the oven rack or on a baking sheet and toast for a few minutes, flipping halfway through. d. Stovetop: In the absence of a toaster or oven, you can toast bread on a stovetop. Use a skillet or griddle over medium heat. Toast each side until it reaches your desired level of crispiness;\n-Butter (Optional): If you like, spread a thin layer of butter or margarine on the warm toast. This step is optional but adds flavor and richness;\n-Serve: Your toast is now ready to be enjoyed! You can eat it as is or pair it with your favorite toppings, such as jam, honey, peanut butter, or avocado.",
      "dateAdded": "2024-07-19",
      "tested": false
    }
  ]
}